{
    "XGBoost": {
        "RMSE": 160.96577935226938,
        "MAE": 85.98076412285916,
        "MSE": 25909.982122483474,
        "R2_Score": 0.9340018283830496
    }
}