{
    "RandomForest": {
        "RMSE": 202.07118477793503,
        "MAE": 131.5409182252974,
        "MSE": 40832.763717558366,
        "R2_Score": 0.8959903663890487
    }
}