{
    "DecisionTree": {
        "RMSE": 229.1276200593729,
        "MAE": 129.9161689257965,
        "MSE": 52499.46627407234,
        "R2_Score": 0.866272822243753
    }
}